,UniqueKey,index,CreatedDate,ClosedDate,Agency,AgencyName,ComplaintType,Descriptor,LocationType,IncidentZip,IncidentAddress,StreetName,CrossStreet1,CrossStreet2,IntersectionStreet1,IntersectionStreet2,AddressType,City,Landmark,FacilityType,Status,DueDate,ResolutionDescription,ResolutionActionUpdatedDate,CommunityBoard,Borough,XCoordinate(StatePlane),YCoordinate(StatePlane),ParkBorough,SchoolNotFound,Latitude,Longitude,Location
0,28735620,250,08/22/2014 08:41:00 AM,08/22/2014 09:25:00 AM,DEP,Department of Environmental Protection,Asbestos,Asbestos Complaint (B1),,10001.0,124 WEST   25 STREET,WEST   25 STREET,AVENUE OF THE AMERICAS,7 AVE,,,ADDRESS,NEW YORK,,,Closed,,The Department of Environmental Protection investigated this complaint and found that no asbestos was disturbed.,08/22/2014 09:25:00 AM,04 MANHATTAN,MANHATTAN,"986,249","210,541",MANHATTAN,,40.74456277751842,-73.99278588026459,"(40.74456277751842, -73.9927858802646)"
1,28800482,4164,09/02/2014 11:40:00 AM,09/03/2014 01:00:00 PM,DEP,Department of Environmental Protection,Water System,Excessive Water In Basement (WEFB),,10001.0,245 7 AVENUE,7 AVENUE,W 24 ST,W 25 ST,,,ADDRESS,NEW YORK,,,Closed,,The Department of Environmental Protection investigated this complaint and repaired or replaced the hydrant.,09/03/2014 01:00:00 PM,04 MANHATTAN,MANHATTAN,"985,604","210,628",MANHATTAN,,40.74480169302478,-73.99511358021783,"(40.74480169302478, -73.99511358021783)"
2,29223381,9516,11/04/2014 10:55:00 AM,11/04/2014 01:15:00 PM,DEP,Department of Environmental Protection,Asbestos,Asbestos Complaint (B1),,10011.0,142 WEST   24 STREET,WEST   24 STREET,AVENUE OF THE AMERICAS,7 AVE,,,ADDRESS,NEW YORK,,,Closed,,The Department of Environmental Protection (DEP) has investigated this complaint. This is an active asbestos abatement project that has been filed with DEP. The work is in compliance with all of DEP's rules and regulations and therefore no violation was issued.,11/04/2014 01:15:00 PM,04 MANHATTAN,MANHATTAN,"986,023","210,372",MANHATTAN,,40.744098962985184,-73.99360152814282,"(40.74409896298519, -73.99360152814282)"
3,29226377,9672,11/05/2014 12:28:00 PM,11/05/2014 01:10:00 PM,DEP,Department of Environmental Protection,Asbestos,Asbestos Complaint (B1),,10011.0,142 WEST   24 STREET,WEST   24 STREET,AVENUE OF THE AMERICAS,7 AVE,,,ADDRESS,NEW YORK,,,Closed,,The Department of Environmental Protection (DEP) has investigated this complaint. This is an active asbestos abatement project that has been filed with DEP. The work is in compliance with all of DEP's rules and regulations and therefore no violation was issued.,11/05/2014 01:10:00 PM,04 MANHATTAN,MANHATTAN,"986,023","210,372",MANHATTAN,,40.744098962985184,-73.99360152814282,"(40.74409896298519, -73.99360152814282)"
4,29236708,10215,11/06/2014 10:37:00 AM,11/10/2014 05:00:00 PM,DEP,Department of Environmental Protection,Noise,Noise: Construction Equipment (NC1),,10001.0,,,W 24 ST,7 AVE,WEST 24 STREET,7 AVENUE,INTERSECTION,NEW YORK,,,Closed,,"The Department of Environmental Protection did not observe a violation of the New York City Air/Noise Code at the time of inspection and could not issue a notice of violation. If the problem still exists, please call 311 and file a new complaint. If you are outside of New York City, please call (212) NEW-YORK (212-639-9675).",11/10/2014 05:00:00 PM,04 MANHATTAN,MANHATTAN,"985,593","210,613",MANHATTAN,,40.74476052345636,-73.99515328086255,"(40.74476052345636, -73.99515328086254)"
5,29242356,10440,11/07/2014 12:24:00 PM,11/13/2014 04:00:00 PM,DEP,Department of Environmental Protection,Air Quality,"Air: Dust, Construction/Demolition (AE4)",,10001.0,,,W 25 ST,7 AVE,WEST 25 STREET,7 AVENUE,INTERSECTION,NEW YORK,,,Closed,,"The Department of Environmental Protection did not observe a violation of the New York City Air/Noise Code at the time of inspection and could not issue a notice of violation. If the problem still exists, please call 311 and file a new complaint. If you are outside of New York City, please call (212) NEW-YORK (212-639-9675).",11/13/2014 04:00:00 PM,04 MANHATTAN,MANHATTAN,"985,716","210,840",MANHATTAN,,40.7453835620819,-73.99470933975887,"(40.7453835620819, -73.99470933975887)"
6,29293235,12955,11/14/2014 07:01:00 AM,11/17/2014 11:30:00 AM,DEP,Department of Environmental Protection,Sewer,Catch Basin Clogged/Flooding (Use Comments) (SC),,10010.0,,,W 24 ST,6 AVE,WEST 24 STREET,6 AVENUE,INTERSECTION,NEW YORK,,,Closed,,"The Department of Environmental Protection inspected your complaint and cleaned the catch basin or inlet. If the condition returns, please call 311 (or 212-639-9675 if calling from a non-New York City area code) to submit a new complaint.",11/17/2014 11:30:00 AM,04 MANHATTAN,MANHATTAN,"986,378","210,179",MANHATTAN,,40.74356914792079,-73.9923204513036,"(40.74356914792079, -73.9923204513036)"
7,34508350,40412,10/10/2016 08:17:38 AM,10/10/2016 09:54:37 AM,NYPD,New York City Police Department,Homeless Encampment,,Street/Sidewalk,10011.0,107 WEST 24 STREET,WEST 24 STREET,AVENUE OF THE AMERICAS,7 AVENUE,,,ADDRESS,NEW YORK,,Precinct,Closed,10/10/2016 04:17:38 PM,The Police Department responded to the complaint and took action to fix the condition.,10/10/2016 09:54:37 AM,04 MANHATTAN,MANHATTAN,"986,228","210,265",MANHATTAN,N,40.74380523125508,-73.99286174758187,"(40.74380523125508, -73.99286174758188)"
8,16901981,41083,06/19/2010 04:45:00 PM,06/20/2010 01:11:00 AM,DEP,Department of Environmental Protection,Water System,Hydrant Running Full (WA4),,10010.0,,,W 24 ST,6 AVE,WEST 24 STREET,6 AVENUE,INTERSECTION,NEW YORK,,,Closed,,The Department of Environmental Protection determined that this complaint is a duplicate of a previously filed complaint. The original complaint is being addressed.,06/20/2010 01:11:00 AM,04 MANHATTAN,MANHATTAN,"986,378","210,179",MANHATTAN,,40.74356914792079,-73.9923204513036,"(40.74356914792079, -73.9923204513036)"
9,36650337,46343,07/08/2017 05:18:24 PM,07/08/2017 06:44:12 PM,NYPD,New York City Police Department,Noise - Street/Sidewalk,Loud Music/Party,Street/Sidewalk,10011.0,157 WEST 24 STREET,WEST 24 STREET,AVENUE OF THE AMERICAS,7 AVENUE,,,ADDRESS,NEW YORK,,Precinct,Closed,07/09/2017 01:18:24 AM,The Police Department responded to the complaint and with the information available observed no evidence of the violation at that time.,07/08/2017 06:44:12 PM,04 MANHATTAN,MANHATTAN,"985,948","210,420",MANHATTAN,N,40.744230725701684,-73.9938721789622,"(40.74423072570168, -73.9938721789622)"
10,36643074,56370,07/08/2017 09:43:38 AM,07/08/2017 12:13:10 PM,DHS,Operations Unit - Department of Homeless Services,Homeless Person Assistance,,Store/Commercial,10011.0,120 WEST 24 STREET,WEST 24 STREET,AVENUE OF THE AMERICAS,7 AVENUE,,,ADDRESS,NEW YORK,,,Closed,07/08/2017 02:08:18 PM,"The mobile outreach response team offered services to the individual, but the individual did not accept assistance.",07/08/2017 12:13:10 PM,04 MANHATTAN,MANHATTAN,"986,147","210,303",MANHATTAN,N,40.74390954950408,-73.99315405154766,"(40.74390954950408, -73.99315405154765)"
11,37561375,62723,10/30/2017 10:59:50 PM,10/31/2017 01:54:06 AM,DHS,Operations Unit - Department of Homeless Services,Homeless Person Assistance,,Street/Sidewalk,10001.0,107 WEST 25 STREET,WEST 25 STREET,AVENUE OF THE AMERICAS,7 AVENUE,,,ADDRESS,NEW YORK,,,Closed,10/31/2017 03:52:02 AM,"The mobile outreach response team offered services to the individual, but the individual did not accept assistance.",10/31/2017 01:54:06 AM,04 MANHATTAN,MANHATTAN,"986,353","210,491",MANHATTAN,N,40.7444255159069,-73.99241057401284,"(40.744425515906904, -73.99241057401285)"
12,25414821,64215,04/23/2013 10:21:00 AM,05/13/2013 12:30:00 PM,DEP,Department of Environmental Protection,Water System,Hydrant Defective (WC2),,10001.0,133 WEST   25 STREET,WEST   25 STREET,AVENUE OF THE AMERICAS,7 AVE,,,ADDRESS,NEW YORK,,,Closed,,The Department of Environmental Protection investigated this complaint and repaired or replaced the hydrant.,05/13/2013 12:30:00 PM,04 MANHATTAN,MANHATTAN,"986,207","210,572",MANHATTAN,,40.744647874155895,-73.99293744354459,"(40.744647874155895, -73.99293744354459)"
13,20600124,64851,06/08/2011 12:31:00 PM,06/10/2011 12:00:00 PM,DSNY,A - Manhattan,Dirty Conditions,E11 Litter Surveillance,Sidewalk,10010.0,,,,,WEST 25 STREET,6 AVENUE,INTERSECTION,NEW YORK,,,Closed,,The Department of Sanitation investigated this complaint and found no violation at the location.,06/10/2011 12:00:00 PM,04 MANHATTAN,MANHATTAN,"986,503","210,404",MANHATTAN,,40.74418668572297,-73.99186927462867,"(40.74418668572297, -73.99186927462867)"
14,37336542,85615,10/02/2017 11:19:31 AM,10/02/2017 02:59:40 PM,NYPD,New York City Police Department,Homeless Encampment,,Street/Sidewalk,10010.0,,,,,WEST   25 STREET,6 AVENUE,INTERSECTION,NEW YORK,,Precinct,Closed,10/02/2017 07:19:31 PM,The Police Department responded to the complaint and with the information available observed no evidence of the violation at that time.,10/02/2017 02:59:40 PM,04 MANHATTAN,MANHATTAN,"986,503","210,404",MANHATTAN,N,40.74418668572297,-73.99186927462867,"(40.74418668572297, -73.99186927462867)"
15,36329299,87725,06/01/2017 01:53:17 PM,06/19/2017 12:00:00 AM,DOB,Department of Buildings,General Construction/Plumbing,Cons - Contrary/Beyond Approved Plans/Permits,,10001.0,112 WEST   25 STREET,WEST   25 STREET,,,,,ADDRESS,NEW YORK,,,Closed,,The Department of Buildings investigated this complaint and removed the stop work order.,06/19/2017 12:00:00 AM,04 MANHATTAN,MANHATTAN,"986,316","210,504",MANHATTAN,,40.74446120637629,-73.99254409772298,"(40.7444612063763, -73.99254409772298)"
16,28295406,88953,06/19/2014 06:25:00 PM,06/24/2014 08:30:00 PM,DEP,Department of Environmental Protection,Noise,Noise: Construction Before/After Hours (NM1),,10001.0,,,W 25 ST,7 AVE,WEST 25 STREET,7 AVENUE,INTERSECTION,NEW YORK,,,Closed,,The Department of Environmental Protection determined that this complaint is a duplicate of a previously filed complaint. The original complaint is being addressed.,06/24/2014 08:30:00 PM,04 MANHATTAN,MANHATTAN,"985,716","210,840",MANHATTAN,,40.7453835620819,-73.99470933975887,"(40.7453835620819, -73.99470933975887)"
17,35710428,210126,03/15/2017 01:32:00 PM,03/15/2017 01:35:00 PM,DEP,Department of Environmental Protection,Water System,Excessive Water In Basement (WEFB),,10001.0,168 WEST   25 STREET,WEST   25 STREET,AVENUE OF THE AMERICAS,7 AVE,,,ADDRESS,NEW YORK,,,Closed,,The Department of Environmental Protection determined that this complaint is a duplicate of a previously filed complaint. The original complaint is being addressed.,03/15/2017 01:35:00 PM,04 MANHATTAN,MANHATTAN,"986,002","210,678",MANHATTAN,,40.744938860615015,-73.99367723405653,"(40.744938860615015, -73.99367723405653)"
18,37837198,211763,12/02/2017 10:31:00 AM,12/04/2017 12:00:00 PM,DSNY,Manhattan 04,Missed Collection (All Materials),1 Missed Collection,Sidewalk,10011.0,141 WEST   24 STREET,WEST   24 STREET,AVENUE OF THE AMERICAS,7 AVENUE,,,ADDRESS,NEW YORK,,,Closed,,The Department of Sanitation investigated this complaint and found no condition at the location.,12/04/2017 12:00:00 PM,04 MANHATTAN,MANHATTAN,"986,037","210,371",MANHATTAN,,40.74409621541729,-73.99355100466023,"(40.74409621541729, -73.99355100466023)"
19,29193615,237138,10/31/2014 03:43:49 PM,05/14/2015 12:00:00 AM,DSNY,Department of Sanitation,Graffiti,Graffiti,Comercial,10001.0,137 WEST   25 STREET,WEST   25 STREET,AVENUE OF THE AMERICAS,7 AVENUE,,,ADDRESS,NEW YORK,,,Closed,04/08/2015 10:00:58 AM,"The City inspected the property for cleaning, but no graffiti was found.",05/29/2015 03:38:25 PM,04 MANHATTAN,MANHATTAN,"986,184","210,584",MANHATTAN,,40.74468081621293,-73.99302044407858,"(40.74468081621293, -73.99302044407858)"
20,29943124,245025,02/14/2015 04:31:00 PM,02/20/2015 02:00:00 PM,DEP,Department of Environmental Protection,Air Quality,"Air: Smoke, Chimney or vent (AS1)",,10001.0,127 WEST   25 STREET,WEST   25 STREET,AVENUE OF THE AMERICAS,7 AVE,,,ADDRESS,NEW YORK,,,Closed,,"The Department of Environmental Protection did not observe a violation of the New York City Air/Noise Code at the time of inspection and could not issue a notice of violation. If the problem still exists, please call 311 and file a new complaint. If you are outside of New York City, please call (212) NEW-YORK (212-639-9675).",02/20/2015 02:00:00 PM,04 MANHATTAN,MANHATTAN,"986,240","210,553",MANHATTAN,,40.74459571654578,-73.9928183564927,"(40.74459571654578, -73.9928183564927)"
21,34219219,254948,08/31/2016 02:56:00 PM,09/02/2016 12:00:00 PM,DSNY,A - Manhattan,Other Enforcement,E3B Sidewalk Obstruction,Sidewalk,10011.0,149 WEST   24 STREET,WEST   24 STREET,,,,,ADDRESS,NEW YORK,,,Closed,,The Department of Sanitation investigated this complaint and found no violation at the location.,09/02/2016 12:00:00 PM,04 MANHATTAN,MANHATTAN,"985,993","210,396",MANHATTAN,,40.744164842948216,-73.99370978709821,"(40.74416484294822, -73.99370978709821)"
22,34223146,254996,08/31/2016 02:53:00 PM,09/02/2016 12:00:00 PM,DSNY,A - Manhattan,Other Enforcement,E3B Sidewalk Obstruction,Sidewalk,10011.0,149 WEST   24 STREET,WEST   24 STREET,,,,,ADDRESS,NEW YORK,,,Closed,,The Department of Sanitation investigated this complaint and found no violation at the location.,09/02/2016 12:00:00 PM,04 MANHATTAN,MANHATTAN,"985,993","210,396",MANHATTAN,,40.744164842948216,-73.99370978709821,"(40.74416484294822, -73.99370978709821)"
23,31355073,258290,08/20/2015 08:32:00 AM,08/24/2015 03:07:00 PM,DEP,Department of Environmental Protection,Water Conservation,Illegal Use Of A Hydrant (CIN),,10001.0,,,W 24 ST,7 AVE,WEST 24 STREET,7 AVENUE,INTERSECTION,NEW YORK,,,Closed,,The Department of Environmental Protection investigated this complaint. No violation was found or issued.,08/24/2015 03:07:00 PM,04 MANHATTAN,MANHATTAN,"985,593","210,613",MANHATTAN,,40.74476052345636,-73.99515328086255,"(40.74476052345636, -73.99515328086254)"
24,30622627,281233,05/14/2015 12:05:00 PM,05/20/2015 02:15:00 PM,DEP,Department of Environmental Protection,Air Quality,"Air: Dust, Construction/Demolition (AE4)",,10001.0,112 WEST   25 STREET,WEST   25 STREET,6 AVE,7 AVE,,,ADDRESS,NEW YORK,,,Closed,,"The Department of Environmental Protection did not observe a violation of the New York City Air/Noise Code at the time of inspection and could not issue a notice of violation. If the problem still exists, please call 311 and file a new complaint. If you are outside of New York City, please call (212) NEW-YORK (212-639-9675).",05/20/2015 02:15:00 PM,04 MANHATTAN,MANHATTAN,"986,316","210,504",MANHATTAN,,40.74446120637629,-73.99254409772298,"(40.7444612063763, -73.99254409772298)"
25,30726930,284102,05/29/2015 08:37:00 AM,06/03/2015 01:00:00 PM,DEP,Department of Environmental Protection,Air Quality,"Air: Dust, Construction/Demolition (AE4)",,10011.0,142 WEST   24 STREET,WEST   24 STREET,AVENUE OF THE AMERICAS,7 AVE,,,ADDRESS,NEW YORK,,,Closed,,"The Department of Environmental Protection did not observe a violation of the New York City Air/Noise Code at the time of inspection and could not issue a notice of violation. If the problem still exists, please call 311 and file a new complaint. If you are outside of New York City, please call (212) NEW-YORK (212-639-9675).",06/03/2015 01:00:00 PM,04 MANHATTAN,MANHATTAN,"986,023","210,372",MANHATTAN,,40.744098962985184,-73.99360152814282,"(40.74409896298519, -73.99360152814282)"
26,30004770,296116,02/21/2015 08:56:00 PM,02/22/2015 09:55:00 AM,DEP,Department of Environmental Protection,Water System,High Water Pressure (WHP),,10011.0,145 WEST   24 STREET,WEST   24 STREET,6 AVE,7 AVE,,,ADDRESS,NEW YORK,,,Closed,,The Department of Environmental Protection investigated this complaint and determined it is an inside condition within the complainant's property.,02/22/2015 09:55:00 AM,04 MANHATTAN,MANHATTAN,"986,015","210,383",MANHATTAN,,40.74412915683523,-73.99363039596953,"(40.74412915683523, -73.99363039596953)"
27,30241402,503321,03/23/2015 10:56:00 AM,03/23/2015 10:57:00 AM,DEP,Department of Environmental Protection,Sewer,Catch Basin Clogged/Flooding (Use Comments) (SC),,10010.0,,,W 24 ST,6 AVE,WEST 24 STREET,6 AVENUE,INTERSECTION,NEW YORK,,,Closed,,"The Department of Environmental Protection has determined that this issue was previously reported by another customer The original complaint is being addressed. If the condition persists, please call 311 (or 212-639-9675 if calling from a non-New York City area code) to submit a new complaint.",03/23/2015 10:57:00 AM,04 MANHATTAN,MANHATTAN,"986,378","210,179",MANHATTAN,,40.74356914792079,-73.9923204513036,"(40.74356914792079, -73.9923204513036)"
28,32049161,515557,11/23/2015 11:15:00 AM,11/30/2015 11:45:00 AM,DEP,Department of Environmental Protection,Air Quality,"Air: Smoke, Vehicular (AA4)",,10001.0,127 WEST   25 STREET,WEST   25 STREET,AVENUE OF THE AMERICAS,7 AVE,,,ADDRESS,NEW YORK,,,Closed,,"The Department of Environmental Protection did not observe a violation of the New York City Air/Noise Code at the time of inspection and could not issue a notice of violation. If the problem still exists, please call 311 and file a new complaint. If you are outside of New York City, please call (212) NEW-YORK (212-639-9675).",11/30/2015 11:45:00 AM,04 MANHATTAN,MANHATTAN,"986,240","210,553",MANHATTAN,,40.74459571654578,-73.9928183564927,"(40.74459571654578, -73.9928183564927)"
29,31344866,527938,08/19/2015 07:25:00 PM,08/19/2015 07:25:00 PM,DEP,Department of Environmental Protection,Water System,Leak (Use Comments) (WA2),,10011.0,159 WEST   24 STREET,WEST   24 STREET,6 AVE,7 AVE,,,ADDRESS,NEW YORK,,,Closed,,The Department of Environmental Protection determined that this complaint is a duplicate of a previously filed complaint. The original complaint is being addressed.,08/19/2015 07:25:00 PM,04 MANHATTAN,MANHATTAN,"985,936","210,427",MANHATTAN,,40.74424994124713,-73.99391548336312,"(40.744249941247126, -73.99391548336312)"
30,31348826,528071,08/19/2015 07:27:00 PM,08/25/2015 11:10:00 AM,DEP,Department of Environmental Protection,Water System,Excessive Water In Basement (WEFB),,10011.0,159 WEST   24 STREET,WEST   24 STREET,6 AVE,7 AVE,,,ADDRESS,NEW YORK,,,Closed,,"The Department of Environment Protection inspected your complaint but could not find the problem you reported. If the condition persists, please call 311 (or 212-639-9675 if calling from a non-New York City area code) with more detailed information to submit a new complaint.",08/25/2015 11:10:00 AM,04 MANHATTAN,MANHATTAN,"985,936","210,427",MANHATTAN,,40.74424994124713,-73.99391548336312,"(40.744249941247126, -73.99391548336312)"
31,31362837,528569,08/21/2015 07:45:00 AM,08/28/2015 10:15:00 AM,DEP,Department of Environmental Protection,Sewer,Catch Basin Clogged/Flooding (Use Comments) (SC),,10001.0,250 7 AVENUE,7 AVENUE,W 24 ST,W 25 ST,,,ADDRESS,NEW YORK,,,Closed,,"The Department of Environmental Protection inspected your complaint and cleaned the catch basin or inlet. If the condition returns, please call 311 (or 212-639-9675 if calling from a non-New York City area code) to submit a new complaint.",08/28/2015 10:15:00 AM,04 MANHATTAN,MANHATTAN,"985,666","210,755",MANHATTAN,,40.74515026651931,-73.99488980309188,"(40.74515026651931, -73.99488980309187)"
32,31363892,528624,08/21/2015 07:46:00 AM,08/28/2015 09:30:00 AM,DEP,Department of Environmental Protection,Sewer,Catch Basin Clogged/Flooding (Use Comments) (SC),,10010.0,739 6 AVENUE,6 AVENUE,,,,,ADDRESS,NEW YORK,,,Closed,,"The Department of Environmental Protection has determined that this issue was previously reported by another customer The original complaint is being addressed. If the condition persists, please call 311 (or 212-639-9675 if calling from a non-New York City area code) with more detailed information to submit a new complaint.",08/28/2015 09:30:00 AM,04 MANHATTAN,MANHATTAN,"986,423","210,266",MANHATTAN,,40.74380793023998,-73.99215802672572,"(40.74380793023998, -73.99215802672572)"
33,32960484,552683,03/22/2016 02:56:00 PM,03/22/2016 06:05:00 PM,DEP,Department of Environmental Protection,Hazardous Materials,Chemical Odor (HD1),,10001.0,112 WEST   25 STREET,WEST   25 STREET,6 AVE,7 AVE,,,ADDRESS,NEW YORK,,,Closed,,The Department of Environmental Protection investigated this complaint and determined that no further action is required.,03/22/2016 06:05:00 PM,04 MANHATTAN,MANHATTAN,"986,316","210,504",MANHATTAN,,40.74446120637629,-73.99254409772298,"(40.7444612063763, -73.99254409772298)"
34,32962541,552753,03/22/2016 03:00:00 PM,03/25/2016 11:00:00 AM,DEP,Department of Environmental Protection,Air Quality,Air: Other Air Problem (Use Comments) (AZZ),,10001.0,112 WEST   25 STREET,WEST   25 STREET,6 AVE,7 AVE,,,ADDRESS,NEW YORK,,,Closed,,"The Department of Environmental Protection did not observe a violation of the New York City Air/Noise Code at the time of inspection and could not issue a notice of violation. If the problem still exists, please call 311 and file a new complaint. If you are outside of New York City, please call (212) NEW-YORK (212-639-9675).",03/25/2016 11:00:00 AM,04 MANHATTAN,MANHATTAN,"986,316","210,504",MANHATTAN,,40.74446120637629,-73.99254409772298,"(40.7444612063763, -73.99254409772298)"
35,32160960,558123,12/08/2015 02:02:00 PM,12/10/2015 05:30:00 PM,DEP,Department of Environmental Protection,Air Quality,"Air: Smoke, Vehicular (AA4)",,10011.0,148 WEST   24 STREET,WEST   24 STREET,6 AVE,7 AVE,,,ADDRESS,NEW YORK,,,Closed,,"The Department of Environmental Protection did not observe a violation of the New York City Air/Noise Code at the time of inspection and could not issue a notice of violation. If the problem still exists, please call 311 and file a new complaint. If you are outside of New York City, please call (212) NEW-YORK (212-639-9675).",12/10/2015 05:30:00 PM,04 MANHATTAN,MANHATTAN,"985,990","210,390",MANHATTAN,,40.74414837503922,-73.99372061517859,"(40.74414837503923, -73.9937206151786)"
36,32176995,558613,12/10/2015 12:23:00 AM,12/10/2015 02:35:00 AM,DEP,Department of Environmental Protection,Sewer,Sewer Odor (SA2),,10001.0,,,W 24 ST,7 AVE,WEST 24 STREET,7 AVENUE,INTERSECTION,NEW YORK,,,Closed,,"The status of this Service Request is currently not available online. Please call 311 for further assistance. If you are outside of New York City, please call (212) NEW-YORK (212-639-9675).",12/10/2015 02:35:00 AM,04 MANHATTAN,MANHATTAN,"985,593","210,613",MANHATTAN,,40.74476052345636,-73.99515328086255,"(40.74476052345636, -73.99515328086254)"
37,32226091,560100,12/18/2015 05:03:00 PM,12/23/2015 02:15:00 PM,DEP,Department of Environmental Protection,Air Quality,"Air: Odor/Fumes, Vehicle Idling (AD3)",,10001.0,127 WEST   25 STREET,WEST   25 STREET,AVENUE OF THE AMERICAS,7 AVE,,,ADDRESS,NEW YORK,,,Closed,,"The Department of Environmental Protection did not observe a violation of the New York City Air/Noise Code at the time of inspection and could not issue a notice of violation. If the problem still exists, please call 311 and file a new complaint. If you are outside of New York City, please call (212) NEW-YORK (212-639-9675).",12/23/2015 02:15:00 PM,04 MANHATTAN,MANHATTAN,"986,240","210,553",MANHATTAN,,40.74459571654578,-73.9928183564927,"(40.74459571654578, -73.9928183564927)"
38,32262124,560894,12/23/2015 12:24:00 PM,12/24/2015 01:45:00 PM,DEP,Department of Environmental Protection,Air Quality,"Air: Odor/Fumes, Vehicle Idling (AD3)",,10011.0,152 WEST   24 STREET,WEST   24 STREET,6 AVE,7 AVE,,,ADDRESS,NEW YORK,,,Closed,,"The Department of Environmental Protection did not observe a violation of the New York City Air/Noise Code at the time of inspection and could not issue a notice of violation. If the problem still exists, please call 311 and file a new complaint. If you are outside of New York City, please call (212) NEW-YORK (212-639-9675).",12/24/2015 01:45:00 PM,04 MANHATTAN,MANHATTAN,"985,967","210,403",MANHATTAN,,40.74418406128416,-73.99380361522226,"(40.74418406128416, -73.99380361522226)"
39,32387340,564102,01/11/2016 03:41:00 PM,01/11/2016 05:55:00 PM,DEP,Department of Environmental Protection,Water System,Hydrant Running (WC3),,10001.0,,,7 AVE,W 24 ST,7 AVENUE,WEST 24 STREET,INTERSECTION,NEW YORK,,,Closed,,"The Department of Environment Protection inspected your complaint but could not find the problem you reported. If the condition persists, please call 311 (or 212-639-9675 if calling from a non-New York City area code) with more detailed information to submit a new complaint.",01/11/2016 05:55:00 PM,04 MANHATTAN,MANHATTAN,"985,593","210,613",MANHATTAN,,40.74476052345636,-73.99515328086255,"(40.74476052345636, -73.99515328086254)"
40,24892612,176932507,01/29/2013 10:47:17 AM,02/14/2013 01:06:53 AM,DCA,Department of Consumer Affairs,Consumer Complaint,Overcharge,,10010.0,750 6 AVENUE,6 AVENUE,WEST 24 STREET,WEST 25 STREET,,,ADDRESS,NEW YORK,,,Closed,02/13/2013 02:34:31 PM,"The Department of Consumer Affairs mailed you a complaint form. If you received the form and have not yet completed it, please do so. Be sure to follow the instructions on the form and return it to DCA with all required documentation.     311 can assist those who have not received the complaint form by creating a new Service Request. Additionally, 311 can assist those who returned the form but want to inquire about the status of the filed complaint.",02/14/2013 01:06:53 AM,05 MANHATTAN,MANHATTAN,"986,471","210,341",MANHATTAN,N,40.74401377456903,-73.99198477843711,"(40.74401377456903, -73.99198477843711)"
41,24894531,176933792,01/29/2013 02:34:12 PM,02/05/2013 03:27:45 PM,FDNY,Bureau of Fire Prevention - Alarm Unit - Inspections,Fire Alarm - Reinspection,For Letter of Defect,Street Address,10010.0,735 6 AVENUE,6 AVENUE,WEST 24 STREET,WEST 25 STREET,,,ADDRESS,NEW YORK,,,Closed,02/03/2013 02:34:12 PM,See Notes to Customer,02/05/2013 03:27:45 PM,04 MANHATTAN,MANHATTAN,"986,398","210,222",MANHATTAN,N,40.74368716734252,-73.99224826136219,"(40.74368716734252, -73.99224826136218)"
42,24899832,176937447,01/30/2013 09:36:00 AM,02/01/2013 12:00:00 PM,DSNY,A - Manhattan,Dirty Conditions,"E4 18"" Law",Street,10001.0,,,7 AVENUE,WEST 25 STREET,7 AVENUE,WEST 25 STREET,INTERSECTION,NEW YORK,,,Closed,,The Department of Sanitation investigated this complaint and found no violation at the location.,02/01/2013 12:00:00 PM,04 MANHATTAN,MANHATTAN,"985,716","210,840",MANHATTAN,,40.7453835620819,-73.99470933975887,"(40.7453835620819, -73.99470933975887)"
43,24906459,176942070,01/31/2013 07:11:00 PM,02/01/2013 12:00:00 PM,DSNY,Manhattan 04,Missed Collection (All Materials),1 Missed Collection,Sidewalk,10001.0,126 WEST 25 STREET,WEST 25 STREET,AVENUE OF THE AMERICAS,7 AVENUE,,,ADDRESS,NEW YORK,,,Closed,,The Department of Sanitation picked up the items and determined that the missed collection complaint was not warranted.,02/01/2013 12:00:00 PM,04 MANHATTAN,MANHATTAN,"986,238","210,548",MANHATTAN,,40.744581993246676,-73.99282557570271,"(40.744581993246676, -73.9928255757027)"
44,24926066,176956806,02/02/2013 01:31:18 PM,03/05/2013 01:11:39 PM,DOT,Department of Transportation,Broken Muni Meter,No Receipt,Street,10001.0,255 7 AVENUE,7 AVENUE,WEST 24 STREET,WEST 25 STREET,,,ADDRESS,NEW YORK,,,Closed,02/23/2013 01:31:18 PM,General maintenance and cleaning is on a regular schedule. The next scheduled maintenance and cleaning will correct the condition.,03/05/2013 01:11:39 PM,04 MANHATTAN,MANHATTAN,"985,678","210,766",MANHATTAN,N,40.745180456834994,-73.99484649400299,"(40.745180456834994, -73.99484649400299)"
45,24936030,176964721,02/03/2013 03:48:43 PM,02/04/2013 02:05:00 PM,DOT,Department of Transportation,Street Condition,Pothole,,10001.0,WEST   25 STREET,WEST   25 STREET,6 AVENUE,7 AVENUE,,,BLOCKFACE,NEW YORK,,,Closed,,The Department of Transportation inspected this complaint and repaired the problem.,02/04/2013 02:05:00 PM,Unspecified MANHATTAN,MANHATTAN,"986,109","210,621",MANHATTAN,,40.74478238803725,-73.99329109915288,"(40.74478238803725, -73.99329109915287)"
46,36699528,621505821,07/14/2017 10:00:18 AM,07/14/2017 10:00:18 AM,DOB,Department of Buildings,General Construction/Plumbing,Sidewalk Shed/Pipe Scafford - Inadequate Defective/None,,10001.0,112 WEST   25 STREET,WEST   25 STREET,,,,,ADDRESS,NEW YORK,,,Closed,,The Department of Buildings investigated this complaint and determined that no further action was necessary.,07/14/2017 12:00:00 AM,04 MANHATTAN,MANHATTAN,"986,316","210,504",MANHATTAN,,40.74446120637629,-73.99254409772298,"(40.7444612063763, -73.99254409772298)"
47,37854184,621507124,12/04/2017 10:48:09 PM,12/05/2017 02:36:48 AM,DHS,Operations Unit - Department of Homeless Services,Homeless Person Assistance,,Street/Sidewalk,10001.0,127 WEST 25 STREET,WEST 25 STREET,AVENUE OF THE AMERICAS,7 AVENUE,,,ADDRESS,NEW YORK,,,Closed,12/05/2017 04:33:04 AM,The mobile outreach response team went to the location provided but could not find the individual that you reported.,12/05/2017 02:36:48 AM,04 MANHATTAN,MANHATTAN,"986,240","210,553",MANHATTAN,N,40.74459571654578,-73.9928183564927,"(40.74459571654578, -73.9928183564927)"
48,36834556,621514068,07/31/2017 11:53:00 AM,08/01/2017 12:00:00 PM,DSNY,A - Illegal Posting Manhattan and Bronx,Dirty Conditions,E15 Illegal Postering,Sidewalk,10001.0,168 WEST 25 STREET,WEST 25 STREET,AVENUE OF THE AMERICAS,7 AVENUE,,,ADDRESS,NEW YORK,,,Closed,,"The Department of Sanitation has investigated the complaint and addressed the issue. If the problem persists, call 311 to enter a new complaint. If you are outside of New York City, please call (212) NEW-YORK (212-639-9675).",08/01/2017 12:00:00 PM,04 MANHATTAN,MANHATTAN,"986,002","210,678",MANHATTAN,,40.744938860615015,-73.99367723405653,"(40.744938860615015, -73.99367723405653)"
49,36836838,621514524,07/31/2017 11:50:00 AM,08/01/2017 12:00:00 PM,DSNY,A - Illegal Posting Manhattan and Bronx,Dirty Conditions,E15 Illegal Postering,Sidewalk,10001.0,151 WEST 25 STREET,WEST 25 STREET,AVENUE OF THE AMERICAS,7 AVENUE,,,ADDRESS,NEW YORK,,,Closed,,"The Department of Sanitation has investigated the complaint and addressed the issue. If the problem persists, call 311 to enter a new complaint. If you are outside of New York City, please call (212) NEW-YORK (212-639-9675).",08/01/2017 12:00:00 PM,04 MANHATTAN,MANHATTAN,"986,106","210,628",MANHATTAN,,40.74480160191538,-73.99330192384977,"(40.74480160191538, -73.99330192384976)"
50,36839271,621514965,07/31/2017 11:49:00 AM,08/01/2017 12:00:00 PM,DSNY,A - Illegal Posting Manhattan and Bronx,Dirty Conditions,E15 Illegal Postering,Sidewalk,10001.0,152 WEST 25 STREET,WEST 25 STREET,AVENUE OF THE AMERICAS,7 AVENUE,,,ADDRESS,NEW YORK,,,Closed,,"The Department of Sanitation has investigated the complaint and addressed the issue. If the problem persists, call 311 to enter a new complaint. If you are outside of New York City, please call (212) NEW-YORK (212-639-9675).",08/01/2017 12:00:00 PM,04 MANHATTAN,MANHATTAN,"986,092","210,629",MANHATTAN,,40.74480434959228,-73.99335244785699,"(40.74480434959227, -73.99335244785699)"
51,36839282,621514972,07/31/2017 11:52:00 AM,08/01/2017 12:00:00 PM,DSNY,A - Illegal Posting Manhattan and Bronx,Dirty Conditions,E15 Illegal Postering,Sidewalk,10001.0,159 WEST 25 STREET,WEST 25 STREET,AVENUE OF THE AMERICAS,7 AVENUE,,,ADDRESS,NEW YORK,,,Closed,,"The Department of Sanitation has investigated the complaint and addressed the issue. If the problem persists, call 311 to enter a new complaint. If you are outside of New York City, please call (212) NEW-YORK (212-639-9675).",08/01/2017 12:00:00 PM,04 MANHATTAN,MANHATTAN,"986,061","210,652",MANHATTAN,,40.744867485237975,-73.99346431686251,"(40.74486748523798, -73.99346431686251)"
52,36208881,621525518,05/17/2017 11:15:13 PM,07/11/2017 01:16:49 PM,TLC,Taxi and Limousine Commission,Taxi Complaint,Driver Complaint,Street,10010.0,751 6 AVENUE,6 AVENUE,WEST 24 STREET,WEST 25 STREET,,,ADDRESS,NEW YORK,,,Closed,06/17/2017 08:29:05 AM,The Taxi and Limousine Commission will contact you within 14 days to confirm your complaint details. Please note your Service Request number for future reference.,07/11/2017 01:16:21 PM,04 MANHATTAN,MANHATTAN,"986,484","210,376",MANHATTAN,N,40.74410983754427,-73.99193785196303,"(40.74410983754427, -73.99193785196303)"
53,36894894,621527113,08/08/2017 09:28:00 AM,08/09/2017 12:00:00 PM,DSNY,Manhattan 04,Sanitation Condition,15 Street Cond/Dump-Out/Drop-Off,Street,10001.0,101 WEST   25 STREET,WEST   25 STREET,AVENUE OF THE AMERICAS,7 AVENUE,,,ADDRESS,NEW YORK,,,Closed,,The Department of Sanitation cleaned the location.,08/09/2017 12:00:00 PM,04 MANHATTAN,MANHATTAN,"986,386","210,472",MANHATTAN,,40.74437335775038,-73.99229148777087,"(40.74437335775038, -73.99229148777088)"
54,37593679,621532427,11/02/2017 08:54:00 AM,11/02/2017 10:10:00 AM,DEP,Department of Environmental Protection,Hazardous Materials,Chemical Odor (HD1),,10001.0,261 7 AVENUE,7 AVENUE,W 24 ST,W 25 ST,,,ADDRESS,NEW YORK,,,Closed,,The Department of Environmental Protection investigated this complaint and sent it to the Bureau of Environmental Compliance for further action.,11/02/2017 10:10:00 AM,04 MANHATTAN,MANHATTAN,"985,701","210,807",MANHATTAN,,40.74529298782225,-73.9947634805095,"(40.74529298782225, -73.9947634805095)"
55,36832333,621542819,07/31/2017 11:45:00 AM,08/01/2017 12:00:00 PM,DSNY,A - Illegal Posting Manhattan and Bronx,Dirty Conditions,E15 Illegal Postering,Sidewalk,10001.0,107 WEST 25 STREET,WEST 25 STREET,AVENUE OF THE AMERICAS,7 AVENUE,,,ADDRESS,NEW YORK,,,Closed,,"The Department of Sanitation has investigated the complaint and addressed the issue. If the problem persists, call 311 to enter a new complaint. If you are outside of New York City, please call (212) NEW-YORK (212-639-9675).",08/01/2017 12:00:00 PM,04 MANHATTAN,MANHATTAN,"986,353","210,491",MANHATTAN,,40.7444255159069,-73.99241057401284,"(40.744425515906904, -73.99241057401285)"
56,36832384,621542840,07/31/2017 11:54:00 AM,08/01/2017 12:00:00 PM,DSNY,A - Illegal Posting Manhattan and Bronx,Dirty Conditions,E15 Illegal Postering,Sidewalk,10001.0,170 WEST 25 STREET,WEST 25 STREET,AVENUE OF THE AMERICAS,7 AVENUE,,,ADDRESS,NEW YORK,,,Closed,,"The Department of Sanitation has investigated the complaint and addressed the issue. If the problem persists, call 311 to enter a new complaint. If you are outside of New York City, please call (212) NEW-YORK (212-639-9675).",08/01/2017 12:00:00 PM,04 MANHATTAN,MANHATTAN,"985,990","210,685",MANHATTAN,,40.744958076231825,-73.99372053886151,"(40.74495807623183, -73.9937205388615)"
57,36832393,621542851,07/31/2017 11:44:00 AM,08/01/2017 12:00:00 PM,DSNY,A - Illegal Posting Manhattan and Bronx,Dirty Conditions,E15 Illegal Postering,Sidewalk,10001.0,101 WEST 25 STREET,WEST 25 STREET,AVENUE OF THE AMERICAS,7 AVENUE,,,ADDRESS,NEW YORK,,,Closed,,"The Department of Sanitation has investigated the complaint and addressed the issue. If the problem persists, call 311 to enter a new complaint. If you are outside of New York City, please call (212) NEW-YORK (212-639-9675).",08/01/2017 12:00:00 PM,04 MANHATTAN,MANHATTAN,"986,386","210,472",MANHATTAN,,40.74437335775038,-73.99229148777087,"(40.74437335775038, -73.99229148777088)"
58,36832495,621542860,07/31/2017 11:52:00 AM,08/01/2017 12:00:00 PM,DSNY,A - Illegal Posting Manhattan and Bronx,Dirty Conditions,E15 Illegal Postering,Sidewalk,10001.0,164 WEST 25 STREET,WEST 25 STREET,AVENUE OF THE AMERICAS,7 AVENUE,,,ADDRESS,NEW YORK,,,Closed,,"The Department of Sanitation has investigated the complaint and addressed the issue. If the problem persists, call 311 to enter a new complaint. If you are outside of New York City, please call (212) NEW-YORK (212-639-9675).",08/01/2017 12:00:00 PM,04 MANHATTAN,MANHATTAN,"986,024","210,666",MANHATTAN,,40.74490591923317,-73.99359784175918,"(40.74490591923317, -73.99359784175917)"
59,36833482,621543017,07/31/2017 11:48:00 AM,08/01/2017 12:00:00 PM,DSNY,A - Illegal Posting Manhattan and Bronx,Dirty Conditions,E15 Illegal Postering,Sidewalk,10001.0,138 WEST 25 STREET,WEST 25 STREET,AVENUE OF THE AMERICAS,7 AVENUE,,,ADDRESS,NEW YORK,,,Closed,,"The Department of Sanitation has investigated the complaint and addressed the issue. If the problem persists, call 311 to enter a new complaint. If you are outside of New York City, please call (212) NEW-YORK (212-639-9675).",08/01/2017 12:00:00 PM,04 MANHATTAN,MANHATTAN,"986,170","210,585",MANHATTAN,,40.74468356401335,-73.99307096798263,"(40.74468356401335, -73.99307096798262)"
60,35540169,621544516,02/21/2017 05:30:29 AM,02/21/2017 05:52:20 AM,NYPD,New York City Police Department,Noise - Street/Sidewalk,Loud Music/Party,Street/Sidewalk,10011.0,101 WEST 24 STREET,WEST 24 STREET,AVENUE OF THE AMERICAS,7 AVENUE,,,ADDRESS,NEW YORK,,Precinct,Closed,02/21/2017 01:30:29 PM,The Police Department responded to the complaint and determined that police action was not necessary.,02/21/2017 05:52:20 AM,04 MANHATTAN,MANHATTAN,"986,262","210,247",MANHATTAN,N,40.74375581808314,-73.99273905297585,"(40.74375581808314, -73.99273905297586)"
61,37384868,621555381,10/10/2017 12:14:04 AM,10/10/2017 01:04:01 AM,DHS,Operations Unit - Department of Homeless Services,Homeless Person Assistance,,Street/Sidewalk,10001.0,102 WEST 25 STREET,WEST 25 STREET,AVENUE OF THE AMERICAS,7 AVENUE,,,ADDRESS,NEW YORK,,,Closed,10/10/2017 02:59:39 AM,"The mobile outreach response team offered services to the individual, but the individual did not accept assistance.",10/10/2017 01:04:01 AM,04 MANHATTAN,MANHATTAN,"986,372","210,473",MANHATTAN,N,40.74437610587071,-73.99234201141171,"(40.74437610587071, -73.9923420114117)"
62,33137901,621565367,04/15/2016 11:09:37 AM,10/31/2016 12:00:00 AM,DSNY,Department of Sanitation,Graffiti,Graffiti,Mixed Use,10001.0,261 7 AVENUE,7 AVENUE,,,,,ADDRESS,NEW YORK,,,Closed,07/09/2016 11:21:17 AM,"The City inspected the property for cleaning, but no graffiti was found.",11/09/2016 11:50:01 AM,04 MANHATTAN,MANHATTAN,"985,701","210,807",MANHATTAN,,40.74529298782225,-73.9947634805095,"(40.74529298782225, -73.9947634805095)"
63,37003635,621571352,08/22/2017 02:06:00 AM,08/22/2017 02:07:00 AM,DEP,Department of Environmental Protection,Water System,Hydrant Running Full (WA4),,10001.0,255 7 AVENUE,7 AVENUE,W 24 ST,W 25 ST,,,ADDRESS,NEW YORK,,,Closed,,The Department of Environmental Protection investigated this complaint and found it to be a temporary condition.,08/22/2017 02:07:00 AM,04 MANHATTAN,MANHATTAN,"985,678","210,766",MANHATTAN,,40.745180456834994,-73.99484649400299,"(40.745180456834994, -73.99484649400299)"
64,37784614,621573546,11/26/2017 04:07:00 PM,11/28/2017 12:00:00 AM,DSNY,Department of Sanitation,Request Large Bulky Item Collection,Request Large Bulky Item Collection,Sidewalk,10001.0,110 WEST   25 STREET,WEST   25 STREET,AVENUE OF THE AMERICAS,7 AVENUE,,,ADDRESS,NEW YORK,,,Closed,,,11/28/2017 12:00:00 AM,04 MANHATTAN,MANHATTAN,"986,327","210,498",MANHATTAN,,40.74444473530057,-73.99250440212923,"(40.74444473530057, -73.99250440212924)"
65,37304175,621574740,09/28/2017 09:54:00 AM,09/30/2017 12:00:00 PM,DSNY,P - Manhattan and Bronx,Dirty Conditions,E13 Throw-Out,Sidewalk,10010.0,,,,,WEST 25 STREET,6 AVENUE,INTERSECTION,NEW YORK,,,Closed,,The Department of Sanitation investigated this complaint and found no violation at the location.,09/30/2017 12:00:00 PM,04 MANHATTAN,MANHATTAN,"986,503","210,404",MANHATTAN,,40.74418668572297,-73.99186927462867,"(40.74418668572297, -73.99186927462867)"
66,36745478,621579144,07/20/2017 09:18:04 AM,09/25/2017 12:00:00 AM,DOB,Department of Buildings,General Construction/Plumbing,Cons - Contrary/Beyond Approved Plans/Permits,,10011.0,101 WEST   24 STREET,WEST   24 STREET,,,,,ADDRESS,NEW YORK,,,Closed,,"The Department of Buildings determined that the conditions described in this complaint were addressed under another service request number. Click on ""Learn More"" in the ""Did You Know"" section below for more information.",09/25/2017 12:00:00 AM,04 MANHATTAN,MANHATTAN,"986,262","210,247",MANHATTAN,,40.74375581808314,-73.99273905297585,"(40.74375581808314, -73.99273905297586)"
67,36909128,621593339,08/09/2017 10:35:00 AM,08/10/2017 12:00:00 PM,DSNY,A - Illegal Posting Manhattan and Bronx,Dirty Conditions,E15 Illegal Postering,Sidewalk,10011.0,136 WEST   24 STREET,WEST   24 STREET,AVENUE OF THE AMERICAS,7 AVENUE,,,ADDRESS,NEW YORK,,,Closed,,The Department of Sanitation investigated this complaint and found no violation at the location.,08/10/2017 12:00:00 PM,04 MANHATTAN,MANHATTAN,"986,057","210,353",MANHATTAN,,40.74404680585338,-73.99347883271585,"(40.74404680585338, -73.99347883271585)"
68,37877865,655403928,12/07/2017 01:19:31 PM,12/11/2017 12:00:00 AM,DOB,Department of Buildings,General Construction/Plumbing,Debris - Falling Or In Danger Of Falling,,10011.0,101 WEST   24 STREET,WEST   24 STREET,,,,,ADDRESS,NEW YORK,,,Closed,,The Department of Buildings investigated this complaint and determined that no further action was necessary.,12/11/2017 12:00:00 AM,04 MANHATTAN,MANHATTAN,"986,262","210,247",MANHATTAN,,40.74375581808314,-73.99273905297585,"(40.74375581808314, -73.99273905297586)"
69,36685628,655409300,07/12/2017 03:33:00 PM,07/12/2017 03:33:00 PM,DEP,Department of Environmental Protection,Water System,Dirty Water (WE),,10001.0,259 7 AVENUE,7 AVENUE,W 24 ST,W 25 ST,,,ADDRESS,NEW YORK,,,Closed,,The Department of Environmental Protection determined that this complaint is a duplicate of a previously filed complaint. The original complaint is being addressed.,07/12/2017 03:33:00 PM,04 MANHATTAN,MANHATTAN,"985,693","210,793",MANHATTAN,,40.74525456263789,-73.99479235474396,"(40.74525456263789, -73.99479235474395)"
70,36086698,655409582,05/02/2017 12:25:50 PM,05/02/2017 12:42:33 PM,DHS,Operations Unit - Department of Homeless Services,Homeless Person Assistance,,Store/Commercial,10010.0,,,,,WEST   24 STREET,6 AVENUE,INTERSECTION,NEW YORK,,,Closed,05/02/2017 01:25:50 PM,The Department of Homeless Services has reviewed your Service Request and determined that the issue is not within its jurisdiction.,05/02/2017 12:42:33 PM,04 MANHATTAN,MANHATTAN,"986,378","210,179",MANHATTAN,N,40.74356914792079,-73.9923204513036,"(40.74356914792079, -73.9923204513036)"
71,36692167,655410386,07/13/2017 09:54:00 AM,07/16/2017 12:00:00 PM,DSNY,Manhattan 04,Sanitation Condition,15 Street Cond/Dump-Out/Drop-Off,Street,10011.0,119 WEST   24 STREET,WEST   24 STREET,AVENUE OF THE AMERICAS,7 AVENUE,,,ADDRESS,NEW YORK,,,Closed,,"The Department of Sanitation has investigated the complaint and addressed the issue. If the problem persists, call 311 to enter a new complaint. If you are outside of New York City, please call (212) NEW-YORK (212-639-9675).",07/16/2017 12:00:00 PM,04 MANHATTAN,MANHATTAN,"986,161","210,303",MANHATTAN,,40.74390954648988,-73.99310352794303,"(40.74390954648988, -73.99310352794303)"
72,35725089,655413291,03/16/2017 10:44:00 AM,03/20/2017 12:00:00 PM,DSNY,A - Manhattan,Snow,E9 Snow / Icy Sidewalk,Sidewalk,10011.0,116 WEST   24 STREET,WEST   24 STREET,AVENUE OF THE AMERICAS,7 AVENUE,,,ADDRESS,NEW YORK,,,Closed,,The Department of Sanitation investigated this complaint and found no violation at the location.,03/20/2017 12:00:00 PM,04 MANHATTAN,MANHATTAN,"986,169","210,291",MANHATTAN,,40.743876607756775,-73.99307466073556,"(40.743876607756775, -73.99307466073557)"
73,36725028,655419180,07/18/2017 12:23:47 PM,07/19/2017 03:04:06 PM,DCA,Department of Consumer Affairs,Consumer Complaint,Door Open with Air Conditioning On,,10001.0,,,,,7 AVENUE,WEST   25 STREET,INTERSECTION,NEW YORK,,,Closed,08/24/2017 03:03:30 PM,"The Department of Consumer Affairs is scheduling an inspection which will take place within 35 days. Please do not file duplicate complaints or call to check results during this time. After 35 days, call 311 with your Service Request Number and ask for Service Request Status - DCA.",07/19/2017 03:04:06 PM,04 MANHATTAN,MANHATTAN,"985,716","210,840",MANHATTAN,N,40.7453835620819,-73.99470933975887,"(40.7453835620819, -73.99470933975887)"
74,37881938,655433537,12/08/2017 10:37:42 AM,12/08/2017 12:22:45 PM,NYPD,New York City Police Department,Vending,Unlicensed,Store/Commercial,10010.0,743 6 AVENUE,6 AVENUE,WEST 24 STREET,WEST 25 STREET,,,ADDRESS,NEW YORK,,Precinct,Closed,12/08/2017 06:37:42 PM,The Police Department responded to the complaint and determined that police action was not necessary.,12/08/2017 12:22:45 PM,04 MANHATTAN,MANHATTAN,"986,454","210,321",MANHATTAN,N,40.74395888382174,-73.99204613517801,"(40.74395888382174, -73.99204613517801)"
75,36281396,655435349,05/24/2017 04:22:00 PM,05/25/2017 12:00:00 PM,DSNY,A - Manhattan,Other Enforcement,E3B Sidewalk Obstruction,Sidewalk,10011.0,120 WEST   24 STREET,WEST   24 STREET,6 AVENUE SOUTHBOUND ROADBED,7 AVENUE SOUTHBOUND ROADBED,,,ADDRESS,NEW YORK,,,Closed,,The Department of Sanitation investigated this complaint and issued a Notice of Violation.,05/25/2017 12:00:00 PM,04 MANHATTAN,MANHATTAN,"986,147","210,303",MANHATTAN,,40.74390954950408,-73.99315405154766,"(40.74390954950408, -73.99315405154765)"
76,36497154,655441959,06/20/2017 01:56:00 PM,06/20/2017 03:25:00 PM,DEP,Department of Environmental Protection,Water System,Leak (Use Comments) (WA2),,10001.0,130 WEST   25 STREET,WEST   25 STREET,AVENUE OF THE AMERICAS,7 AVE,,,ADDRESS,NEW YORK,,,Closed,,The Department of Environmental Protection resolved this complaint by speaking to the complainant on the phone.,06/20/2017 03:25:00 PM,04 MANHATTAN,MANHATTAN,"986,215","210,560",MANHATTAN,,40.74461493538462,-73.9929085760993,"(40.74461493538462, -73.9929085760993)"
77,36637876,655443637,07/07/2017 02:14:00 PM,07/07/2017 02:40:00 PM,DEP,Department of Environmental Protection,Water System,Excessive Water In Basement (WEFB),,10001.0,130 WEST   25 STREET,WEST   25 STREET,AVENUE OF THE AMERICAS,7 AVE,,,ADDRESS,NEW YORK,,,Closed,,The Department of Environmental Protection resolved this complaint by speaking to the complainant on the phone.,07/07/2017 02:40:00 PM,04 MANHATTAN,MANHATTAN,"986,215","210,560",MANHATTAN,,40.74461493538462,-73.9929085760993,"(40.74461493538462, -73.9929085760993)"
78,36686584,655444323,07/13/2017 04:09:00 PM,07/14/2017 05:10:00 AM,DEP,Department of Environmental Protection,Water System,Hydrant Running Full (WA4),,10001.0,245 7 AVENUE,7 AVENUE,W 24 ST,W 25 ST,,,ADDRESS,NEW YORK,,,Closed,,"The Department of Environment Protection inspected your complaint but could not find the problem you reported. If the condition persists, please call 311 (or 212-639-9675 if calling from a non-New York City area code) with more detailed information to submit a new complaint.",07/14/2017 05:10:00 AM,04 MANHATTAN,MANHATTAN,"985,604","210,628",MANHATTAN,,40.74480169302478,-73.99511358021783,"(40.74480169302478, -73.99511358021783)"
79,36831645,655447107,07/31/2017 02:23:00 PM,07/31/2017 07:10:00 PM,DEP,Department of Environmental Protection,Water System,Dirty Water (WE),,10001.0,259 7 AVENUE,7 AVENUE,W 24 ST,W 25 ST,,,ADDRESS,NEW YORK,,,Closed,,"The Department of Environment Protection inspected your complaint but could not find the problem you reported. If the condition persists, please call 311 (or 212-639-9675 if calling from a non-New York City area code) with more detailed information to submit a new complaint.",07/31/2017 07:10:00 PM,04 MANHATTAN,MANHATTAN,"985,693","210,793",MANHATTAN,,40.74525456263789,-73.99479235474396,"(40.74525456263789, -73.99479235474395)"
80,36846915,655447255,08/01/2017 01:55:00 PM,08/03/2017 02:40:00 PM,DEP,Department of Environmental Protection,Water System,NO WATER - WNW,,10001.0,259 7 AVENUE,7 AVENUE,W 24 ST,W 25 ST,,,ADDRESS,NEW YORK,,,Closed,,"The Department of Environment Protection inspected your complaint but could not find the problem you reported. If the condition persists, please call 311 (or 212-639-9675 if calling from a non-New York City area code) with more detailed information to submit a new complaint.",08/03/2017 02:40:00 PM,04 MANHATTAN,MANHATTAN,"985,693","210,793",MANHATTAN,,40.74525456263789,-73.99479235474396,"(40.74525456263789, -73.99479235474395)"
81,37311568,655455853,09/28/2017 01:45:00 PM,09/28/2017 01:45:00 PM,DSNY,Manhattan 04,Sanitation Condition,15 Street Cond/Dump-Out/Drop-Off,Street,10001.0,108 WEST   25 STREET,WEST   25 STREET,AVENUE OF THE AMERICAS,7 AVENUE,,,ADDRESS,NEW YORK,,,Closed,,The Department of Sanitation investigated this complaint and found no violation at the location.,09/28/2017 01:45:00 PM,04 MANHATTAN,MANHATTAN,"986,339","210,492",MANHATTAN,,40.74442826397496,-73.99246109769813,"(40.74442826397496, -73.99246109769813)"
82,36751733,655463590,07/20/2017 10:11:03 AM,09/05/2017 12:00:00 AM,DOB,Department of Buildings,General Construction/Plumbing,Cons - Contrary/Beyond Approved Plans/Permits,,10011.0,101 WEST 24 STREET,WEST 24 STREET,,,,,ADDRESS,NEW YORK,,,Closed,,"The Department of Buildings determined that the conditions described in this complaint were addressed under another service request number. Click on ""Learn More"" in the ""Did You Know"" section below for more information.",09/05/2017 12:00:00 AM,Unspecified MANHATTAN,MANHATTAN,"986,262","210,247",MANHATTAN,,40.74375581808314,-73.99273905297585,"(40.74375581808314, -73.99273905297586)"
83,22388178,655468272,12/24/2011 05:50:00 PM,01/01/1900 12:00:00 AM,DOHMH,Department of Health and Mental Hygiene,Non-Residential Heat,Inadequate or No Heat,Building (Non-Residential),10001.0,119 WEST 25 STREET,WEST 25 STREET,AVENUE OF THE AMERICAS,7 AVENUE,,,ADDRESS,NEW YORK,,,Assigned,01/30/2012 05:50:00 PM,"The Department of Health and Mental Hygiene has sent official written notification to the Owner/Landlord warning them of potential violations and instructing them to correct the situation.  If the situation persists 21 days after your initial complaint, please make a new complaint.",12/30/2011 03:07:06 PM,04 MANHATTAN,MANHATTAN,"986,285","210,528",MANHATTAN,N,40.74452708756005,-73.9926559650837,"(40.744527087560044, -73.99265596508371)"
84,36661228,655469773,07/10/2017 12:12:00 PM,07/10/2017 01:40:00 PM,DEP,Department of Environmental Protection,Water System,Hydrant Running Full (WA4),,10001.0,245 7 AVENUE,7 AVENUE,W 24 ST,W 25 ST,,,ADDRESS,NEW YORK,,,Closed,,"The Department of Environment Protection inspected your complaint but could not find the problem you reported. If the condition persists, please call 311 (or 212-639-9675 if calling from a non-New York City area code) with more detailed information to submit a new complaint.",07/10/2017 01:40:00 PM,04 MANHATTAN,MANHATTAN,"985,604","210,628",MANHATTAN,,40.74480169302478,-73.99511358021783,"(40.74480169302478, -73.99511358021783)"
85,35536499,655470496,02/20/2017 01:30:00 PM,02/21/2017 01:30:00 PM,DEP,Department of Environmental Protection,Lead,Lead Kit Request (Residential) (L10),,10001.0,252 7 AVENUE,7 AVENUE,W 24 ST,W 25 ST,,,ADDRESS,NEW YORK,,,Closed,,The Department of Environmental Protection investigated this complaint and created a Service Request to have a Lead Test Kit sent to the complainant.,02/21/2017 01:30:00 PM,04 MANHATTAN,MANHATTAN,"985,658","210,741",MANHATTAN,,40.74511184130253,-73.99491867719156,"(40.745111841302524, -73.99491867719156)"
86,37151806,655485633,09/10/2017 07:19:07 AM,12/11/2017 02:26:30 PM,DOT,Department of Transportation,Street Condition,"Rough, Pitted or Cracked Roads",Street,10001.0,,,,,WEST   25 STREET,7 AVENUE,INTERSECTION,NEW YORK,,,Closed,12/09/2017 07:19:07 AM,The Department of Transportation inspected the condition you reported and found that the condition meets its standards and/or there is a valid permit to conduct work.,12/11/2017 02:26:30 PM,04 MANHATTAN,MANHATTAN,"985,716","210,840",MANHATTAN,N,40.7453835620819,-73.99470933975887,"(40.7453835620819, -73.99470933975887)"
87,38113487,655497199,01/05/2018 08:58:26 PM,01/06/2018 01:11:30 AM,NYPD,New York City Police Department,Noise - Residential,Loud Music/Party,Residential Building/House,10001.0,127 WEST 25 STREET,WEST 25 STREET,AVENUE OF THE AMERICAS,7 AVENUE,,,ADDRESS,NEW YORK,,Precinct,Closed,01/06/2018 04:58:26 AM,The Police Department responded to the complaint and with the information available observed no evidence of the violation at that time.,01/06/2018 01:11:30 AM,04 MANHATTAN,MANHATTAN,"986,240","210,553",MANHATTAN,N,40.74459571654578,-73.9928183564927,"(40.74459571654578, -73.9928183564927)"
88,37796997,655498526,11/27/2017 03:19:00 PM,11/30/2017 12:00:00 AM,DSNY,Department of Sanitation,Request Large Bulky Item Collection,Request Large Bulky Item Collection,Sidewalk,10001.0,110 WEST   25 STREET,WEST   25 STREET,AVENUE OF THE AMERICAS,7 AVENUE,,,ADDRESS,NEW YORK,,,Closed,,,11/30/2017 12:00:00 AM,04 MANHATTAN,MANHATTAN,"986,327","210,498",MANHATTAN,,40.74444473530057,-73.99250440212923,"(40.74444473530057, -73.99250440212924)"
89,37425685,678504378,10/13/2017 12:20:07 AM,10/17/2017 12:55:40 PM,HPD,Department of Housing Preservation and Development,UNSANITARY CONDITION,PESTS,RESIDENTIAL BUILDING,10001.0,126 WEST   25 STREET,WEST   25 STREET,,,,,ADDRESS,NEW YORK,,,Closed,,The Department of Housing Preservation and Development inspected the following conditions. No violations were issued. The complaint has been closed.,10/17/2017 12:55:40 PM,04 MANHATTAN,MANHATTAN,"986,238","210,548",MANHATTAN,,40.744581993246676,-73.99282557570271,"(40.744581993246676, -73.9928255757027)"
